{
  "step": 478,
  "t": 9.559999999999999e-05,
  "solver_field": "current_fourier",
  "drift_cfl_solver_field": 5.0727725260745435,
  "drift_cfl_fourier_diag": 5.0727725260745435,
  "max_grad_solver_field": 16041.515234321449,
  "max_grad_fourier_diag": 16041.515234321449,
  "particle_index_max_grad": 68849,
  "position_max_grad": [
    0.16279106795345819,
    0.04182696873968373
  ],
  "solver_field_h": NaN,
  "solver_field_residual_E": NaN,
  "L": 0.05851928808035863,
  "x_c": [
    -0.000632397248710996,
    0.00550478560293625
  ]
}