{
  "80->160": {
    "tb_1_05": 5.953177257525084e-05,
    "tb_1_10": 6.555183946488294e-05,
    "ratio_max": 1.8362616302245085
  },
  "160->320": {
    "tb_1_05": 8.42809364548495e-05,
    "tb_1_10": 9.297658862876254e-05,
    "ratio_max": 1.9692573969614307
  }
}