{
  "n": 128,
  "T": 0.0002,
  "cfl": 0.25,
  "report_times": [
    6e-05,
    0.00012,
    0.0002
  ],
  "dx": 0.0078125,
  "dt_max": null,
  "scheme": "positivity-preserving upwind FVM, central diffusion, explicit Euler, Neumann",
  "domain": [
    -0.5,
    0.5
  ],
  "M_u0": 31.41592653026709,
  "blew_up": false,
  "final_t": 0.0002,
  "steps": 401,
  "runtime_s": 0.45,
  "umin_global": 9.28546155373259e-16,
  "max_mass_drift": 6.785183321671646e-16,
  "numpy": "2.4.4",
  "python": "3.12.7"
}