method,resolution,quantity,q_set,window_set,T_median,T_p10,T_p90,T_min,T_max,relative_spread,n,valid_quote,decision
LDG,80,T_core,"0.1,0.2,0.3",2/12 valid,0.0002455395825708329,0.0002288362351246364,0.00026224293001702947,0.00022466039826308726,0.0002664187668785786,0.1360542139178556,2,False,unstable/insufficient
LDG,80,T_L2,-,def,nan,nan,nan,nan,nan,nan,0,False,secondary
LDG,80,T_peak,-,def,nan,nan,nan,nan,nan,nan,0,False,secondary
LDG,160,T_core,"0.1,0.2,0.3",2/12 valid,0.0001234414806571973,0.00011461524474022619,0.0001322677165741684,0.00011240868576098341,0.00013447427555341118,0.14300275515135744,2,False,unstable/insufficient
LDG,160,T_L2,-,def,nan,nan,nan,nan,nan,nan,0,False,secondary
LDG,160,T_peak,-,def,nan,nan,nan,nan,nan,nan,0,False,secondary
LDG,320,T_core,"0.1,0.2,0.3",4/12 valid,0.00012151808852177488,0.0001134255780341212,0.00012233517392469398,0.00011030331097902551,0.00012233940165776055,0.07331909182373512,4,True,quotable
LDG,320,T_L2,-,def,0.00012187795730076943,0.00012187795730076943,0.00012187795730076943,0.00012187795730076943,0.00012187795730076943,0.0,1,False,secondary
LDG,320,T_peak,-,def,0.00012108622108850158,0.00012108622108850158,0.00012108622108850158,0.00012108622108850158,0.00012108622108850158,0.0,1,False,secondary
