{
  "current_fourier": {
    "Kcore": 10,
    "n_seeds": 4,
    "final_t_mean": 0.0001905,
    "final_t_std": 1.4239030865898137e-05,
    "final_t_seeds": [
      0.000166,
      0.00019999999999999998,
      0.00019999999999999998,
      0.000196
    ],
    "cfl_max_mean": 4.4518590347768185,
    "cfl_max_std": 0.6622227108792262,
    "R02_at_tmatch_mean": 0.010900712396035774,
    "R01_at_tmatch_mean": 0.00865469966322345,
    "R02_over_heff_at_tmatch_mean": 1.0411631073347816
  },
  "two_level_taper0.5": {
    "Kcore": 24,
    "n_seeds": 4,
    "final_t_mean": 0.00013900000000000002,
    "final_t_std": 2.0940391591371925e-05,
    "final_t_seeds": [
      0.00010999999999999999,
      0.000168,
      0.000133,
      0.000145
    ],
    "cfl_max_mean": 1.3845448724165157,
    "cfl_max_std": 0.09361508093661136,
    "R02_at_tmatch_mean": 0.01925709796262049,
    "R01_at_tmatch_mean": 0.014392246559822412,
    "R02_over_heff_at_tmatch_mean": 2.556840613425373
  },
  "two_level_taper0.35": {
    "Kcore": 24,
    "n_seeds": 4,
    "final_t_mean": 0.00015749999999999998,
    "final_t_std": 1.9358460682605937e-05,
    "final_t_seeds": [
      0.000136,
      0.000144,
      0.000164,
      0.000186
    ],
    "cfl_max_mean": 1.812090484451328,
    "cfl_max_std": 0.16469557454187297,
    "R02_at_tmatch_mean": 0.017092212782757767,
    "R01_at_tmatch_mean": 0.011867413830212148,
    "R02_over_heff_at_tmatch_mean": 3.0851744352318753
  },
  "two_level_taper0.25": {
    "Kcore": 24,
    "n_seeds": 4,
    "final_t_mean": 0.00018874999999999998,
    "final_t_std": 1.948557158514986e-05,
    "final_t_seeds": [
      0.000155,
      0.00019999999999999998,
      0.00019999999999999998,
      0.00019999999999999998
    ],
    "cfl_max_mean": 2.6326964583204364,
    "cfl_max_std": 0.6177321055556462,
    "R02_at_tmatch_mean": 0.015150167994935907,
    "R01_at_tmatch_mean": 0.010929933243877352,
    "R02_over_heff_at_tmatch_mean": 3.1052022350730555
  }
}