{
  "M": 16,
  "G": 4,
  "sigma": 0.16,
  "D": 0.01,
  "lam": 13.0,
  "beta": 0.1,
  "T": 1.2,
  "tau": 0.001,
  "N0": 20000,
  "K": 64,
  "grid": 512,
  "delta": 0.03,
  "amp_var": 0.0,
  "windows": [
    [
      0.0,
      0.35
    ],
    [
      0.25,
      0.6
    ],
    [
      0.5,
      0.9
    ],
    [
      0.8,
      1.2
    ]
  ],
  "eta": 0.5,
  "ess_threshold": 0.5,
  "n_snapshots": 24,
  "seeds": [
    0
  ],
  "methods": [
    "weighted",
    "weighted_ess_resample",
    "weighted_ess_resample_costmatched",
    "minvar_branch"
  ],
  "buffer_safety": 1.8,
  "recon_subsample": 200000,
  "out_dir": "/mnt/gs21/scratch/lyuliyao/SDE_PDE/equal-weight-branching/reference_results/staged_multi_island/20260613_2352_c98e92e_staged_M16_lam13_b0.1/seed_0",
  "smoke": false,
  "buffer_size": 94027,
  "centers": [
    [
      -2.356194490192345,
      -2.356194490192345
    ],
    [
      -0.7853981633974483,
      -2.356194490192345
    ],
    [
      0.7853981633974483,
      -2.356194490192345
    ],
    [
      2.356194490192345,
      -2.356194490192345
    ],
    [
      -2.356194490192345,
      -0.7853981633974483
    ],
    [
      -0.7853981633974483,
      -0.7853981633974483
    ],
    [
      0.7853981633974483,
      -0.7853981633974483
    ],
    [
      2.356194490192345,
      -0.7853981633974483
    ],
    [
      -2.356194490192345,
      0.7853981633974483
    ],
    [
      -0.7853981633974483,
      0.7853981633974483
    ],
    [
      0.7853981633974483,
      0.7853981633974483
    ],
    [
      2.356194490192345,
      0.7853981633974483
    ],
    [
      -2.356194490192345,
      2.356194490192345
    ],
    [
      -0.7853981633974483,
      2.356194490192345
    ],
    [
      0.7853981633974483,
      2.356194490192345
    ],
    [
      2.356194490192345,
      2.356194490192345
    ]
  ],
  "amplitudes": [
    1.0,
    1.0,
    1.0,
    1.0,
    1.0,
    1.0,
    1.0,
    1.0,
    1.0,
    1.0,
    1.0,
    1.0,
    1.0,
    1.0,
    1.0,
    1.0
  ],
  "groups": [
    0,
    1,
    0,
    1,
    2,
    3,
    2,
    3,
    0,
    1,
    0,
    1,
    2,
    3,
    2,
    3
  ],
  "late_idx": [
    5,
    7,
    13,
    15
  ]
}