{
  "current_fourier": {
    "final_t_mean": 0.0001905,
    "final_t_std": 1.4239030865898137e-05,
    "final_t_seeds": [
      0.000166,
      0.00019999999999999998,
      0.00019999999999999998,
      0.000196
    ],
    "cflS_max_mean": 4.4518590347768185,
    "cflS_max_std": 0.6622227108792262,
    "cflF_max_mean": 4.4518590347768185,
    "R02_tm": 0.010900712396035774,
    "R01_tm": 0.00865469966322345,
    "R02_over_hcore_tm": 1.0411631073347816,
    "residual_E_tm": NaN
  },
  "spectral_taper0.25": {
    "final_t_mean": 0.00018874999999999998,
    "final_t_std": 1.948557158514986e-05,
    "final_t_seeds": [
      0.000155,
      0.00019999999999999998,
      0.00019999999999999998,
      0.00019999999999999998
    ],
    "cflS_max_mean": 3.6298761388119427,
    "cflS_max_std": 0.673589271635164,
    "cflF_max_mean": 2.6326964583204364,
    "R02_tm": 0.015150167994935907,
    "R01_tm": 0.010929933243877352,
    "R02_over_hcore_tm": 3.1052022350730555,
    "residual_E_tm": NaN
  },
  "blob_fracL_ch0.04": {
    "final_t_mean": 0.00016475,
    "final_t_std": 2.487342959867014e-05,
    "final_t_seeds": [
      0.000138,
      0.000145,
      0.00019999999999999998,
      0.000176
    ],
    "cflS_max_mean": 4.381958731659402,
    "cflS_max_std": 0.43240609519503803,
    "cflF_max_mean": 1.876293643331823,
    "R02_tm": 0.016960998788581868,
    "R01_tm": 0.01213402843647263,
    "R02_over_hcore_tm": 3.193140521121868,
    "residual_E_tm": 0.03217811388801334
  },
  "blob_fracL_ch0.06": {
    "final_t_mean": 0.00019524999999999998,
    "final_t_std": 8.227241335952168e-06,
    "final_t_seeds": [
      0.00018099999999999998,
      0.00019999999999999998,
      0.00019999999999999998,
      0.00019999999999999998
    ],
    "cflS_max_mean": 3.5381191641349625,
    "cflS_max_std": 0.9193356263819992,
    "cflF_max_mean": 3.1344150443486893,
    "R02_tm": 0.014491863707294095,
    "R01_tm": 0.010842655509730483,
    "R02_over_hcore_tm": 2.130406073471079,
    "residual_E_tm": 0.018291897933754186
  },
  "blob_fracL_ch0.09": {
    "final_t_mean": 0.00019899999999999999,
    "final_t_std": 1.7320508075688725e-06,
    "final_t_seeds": [
      0.00019999999999999998,
      0.00019999999999999998,
      0.00019999999999999998,
      0.000196
    ],
    "cflS_max_mean": 3.52561802413537,
    "cflS_max_std": 0.6059632580191393,
    "cflF_max_mean": 5.22450769557308,
    "R02_tm": 0.010366032636125616,
    "R01_tm": 0.008774480182288746,
    "R02_over_hcore_tm": 1.1486203868644607,
    "residual_E_tm": 0.009412843171870754
  },
  "blob_corespacing_ch1.2": {
    "final_t_mean": 1.925e-05,
    "final_t_std": 1.2891373084353739e-05,
    "final_t_seeds": [
      0.0,
      3.1e-05,
      1.4999999999999999e-05,
      3.1e-05
    ],
    "cflS_max_mean": 4.898982978466429,
    "cflS_max_std": 0.06815436186870923,
    "cflF_max_mean": 0.8088598134535406,
    "R02_tm": NaN,
    "R01_tm": NaN,
    "R02_over_hcore_tm": NaN,
    "residual_E_tm": NaN
  }
}