{
  "80->160": {
    "tb_1_05": 7.3578595317725755e-06,
    "tb_1_10": 1.0033444816053512e-05,
    "ratio_max": 1.7976479906431293
  },
  "160->320": {
    "tb_1_05": 7.3578595317725755e-06,
    "tb_1_10": 1.0702341137123746e-05,
    "ratio_max": 2.0408210733118457
  }
}