{
  "current_fourier": {
    "final_t": 0.0001905,
    "final_t_seeds": [
      0.000166,
      0.00019999999999999998,
      0.00019999999999999998,
      0.000196
    ],
    "R02_heff_end": 1.2207594165988993,
    "R01_heff_end": 1.1236236887186473,
    "Kcore": 10
  },
  "two_level_spectral_residual": {
    "final_t": 0.00013900000000000002,
    "final_t_seeds": [
      0.00010999999999999999,
      0.000168,
      0.000133,
      0.000145
    ],
    "R02_heff_end": 2.8698424995988625,
    "R01_heff_end": 2.457591467334203,
    "Kcore": 24
  }
}