{
  "n": 256,
  "T": 0.0002,
  "cfl": 0.25,
  "report_times": [
    6e-05,
    0.00012,
    0.0002
  ],
  "dx": 0.00390625,
  "dt_max": null,
  "scheme": "positivity-preserving upwind FVM, central diffusion, explicit Euler, Neumann",
  "domain": [
    -0.5,
    0.5
  ],
  "M_u0": 31.415926530189292,
  "blew_up": false,
  "final_t": 0.0002,
  "steps": 798,
  "runtime_s": 2.31,
  "umin_global": 6.700937959818698e-16,
  "max_mass_drift": 3.3925916608442245e-16,
  "numpy": "2.4.4",
  "python": "3.12.7"
}