{
  "D": 0.05,
  "b": [
    0.5,
    0.3
  ],
  "gamma": 0.3,
  "a": 0.2,
  "b_": 0.15,
  "c": 0.1,
  "T": 0.5,
  "buffer_mult": 8,
  "N_list": [
    2000,
    4000,
    8000,
    16000,
    32000,
    64000
  ],
  "N_tau": 0.0025,
  "N_K": 8,
  "tau_N": 64000,
  "tau_K": 8,
  "tau_list": [
    0.02,
    0.01,
    0.005,
    0.0025,
    0.00125
  ],
  "K_N": 64000,
  "K_tau": 0.00125,
  "K_list": [
    2,
    3,
    4,
    6,
    8,
    12
  ],
  "grid": 256,
  "seeds": [
    0,
    1,
    2,
    3
  ],
  "results_dir": "results/mms",
  "smoke": false
}