{
  "M": 16,
  "sigma": 0.16,
  "D": 0.01,
  "lam": 12.0,
  "beta": 0.8,
  "T": 0.8,
  "tau": 0.001,
  "N0": 20000,
  "K": 64,
  "grid": 512,
  "ref_substeps": 1,
  "eta": 0.5,
  "ess_threshold": 0.5,
  "n_snapshots": 20,
  "seeds": [
    0
  ],
  "methods": [
    "weighted",
    "weighted_ess_resample",
    "minvar_branch",
    "poisson_branch"
  ],
  "buffer_safety": 1.6,
  "recon_subsample": 200000,
  "pc_cap_mult": 8,
  "out_dir": "/mnt/gs21/scratch/lyuliyao/SDE_PDE/equal-weight-branching/reference_results/multi_island/20260613_2008_92c0226_M16_N2e4_K64/seed_0",
  "smoke": false,
  "buffer_size": 2325748,
  "centers": [
    [
      -2.356194490192345,
      -2.356194490192345
    ],
    [
      -0.7853981633974483,
      -2.356194490192345
    ],
    [
      0.7853981633974483,
      -2.356194490192345
    ],
    [
      2.356194490192345,
      -2.356194490192345
    ],
    [
      -2.356194490192345,
      -0.7853981633974483
    ],
    [
      -0.7853981633974483,
      -0.7853981633974483
    ],
    [
      0.7853981633974483,
      -0.7853981633974483
    ],
    [
      2.356194490192345,
      -0.7853981633974483
    ],
    [
      -2.356194490192345,
      0.7853981633974483
    ],
    [
      -0.7853981633974483,
      0.7853981633974483
    ],
    [
      0.7853981633974483,
      0.7853981633974483
    ],
    [
      2.356194490192345,
      0.7853981633974483
    ],
    [
      -2.356194490192345,
      2.356194490192345
    ],
    [
      -0.7853981633974483,
      2.356194490192345
    ],
    [
      0.7853981633974483,
      2.356194490192345
    ],
    [
      2.356194490192345,
      2.356194490192345
    ]
  ],
  "amplitudes": [
    1.0956708580912724,
    1.176776695296637,
    1.2309698831278217,
    1.25,
    1.2309698831278217,
    1.176776695296637,
    1.0956708580912724,
    1.0,
    0.9043291419087276,
    0.8232233047033631,
    0.7690301168721784,
    0.75,
    0.7690301168721784,
    0.823223304703363,
    0.9043291419087274,
    0.9999999999999999
  ]
}