method,n_seeds,N0,Nact_final,particle_steps,global_rel_L2,global_nESS,max_mean_weight,mean_Em,mean_Em_std,median_Em,max_Em,max_Em_std,num_Em_gt_20pct,min_local_eff,median_local_eff,n_resamples
weighted,7,20000,20000.0,16000000.0,1.4664302261061526,0.00647730386593182,610.0805791384012,0.1878930401289914,0.04136036859769867,0.17207690434458225,0.4803844961987516,0.13014110621718925,6.142857142857143,9.61458716494335,17.597350506474186,0.0
weighted_ess_resample,7,20000,20000.0,16000000.0,0.25117953266487375,0.7556858101240328,2.4277941766285545,0.13879014743241766,0.025309190912427556,0.11933299761506566,0.4125758281740032,0.06324097889896568,3.2857142857142856,115.31000632683588,491.45922599750975,3.0
minvar_branch,7,20000,1470235.857142857,161691640.7142857,0.23999987565227054,1.0,1.0,0.17297906884945966,0.012963047667208752,0.14972186742065458,0.4284299103394506,0.08530137407796978,5.428571428571429,4740.571428571428,36140.42857142857,0.0
poisson_branch,7,20000,1437845.4285714286,158890900.0,0.23651249785665301,1.0,1.0,0.1645435265816558,0.04223232062076476,0.14023063528669416,0.4486251532922186,0.13288391054675472,4.857142857142857,4235.714285714285,34263.857142857145,0.0
